date,actual,predicted
2024-09-12,5626.02001953125,4260.792
2024-09-13,5633.08984375,3659.5933
2024-09-16,5634.580078125,3637.1562
2024-09-17,5618.259765625,3557.8645
2024-09-18,5713.64013671875,3563.882
2024-09-19,5702.5498046875,3527.193
2024-09-20,5718.56982421875,3219.3176
2024-09-23,5732.93017578125,3215.6594
2024-09-24,5722.259765625,3263.6665
2024-09-25,5745.3701171875,3359.8564
2024-09-26,5738.169921875,3230.0298
2024-09-27,5762.47998046875,3344.4255
2024-09-30,5708.75,3339.0913
2024-10-01,5709.5400390625,3223.351
2024-10-02,5699.93994140625,3256.4067
2024-10-03,5751.06982421875,3205.581
2024-10-04,5695.93994140625,3405.0718
2024-10-07,5751.1298828125,3230.2332
2024-10-08,5792.0400390625,3398.9487
2024-10-09,5780.0498046875,3327.8142
2024-10-10,5815.02978515625,3324.178
2024-10-11,5859.85009765625,3346.5713
2024-10-14,5815.259765625,3533.492
2024-10-15,5842.47021484375,3348.5723
2024-10-16,5841.47021484375,3390.762
2024-10-17,5864.669921875,3924.4246
2024-10-18,5853.97998046875,3952.7097
2024-10-21,5851.2001953125,3909.3918
2024-10-22,5797.419921875,3921.5283
2024-10-23,5809.85986328125,3987.788
2024-10-24,5808.1201171875,4021.1904
2024-10-25,5823.52001953125,4235.2866
2024-10-28,5832.919921875,4280.0776
2024-10-29,5813.669921875,4327.334
2024-10-30,5705.4501953125,4308.9395
2024-10-31,5728.7998046875,4354.684
2024-11-01,5712.68994140625,4461.0454
2024-11-04,5782.759765625,3960.6333
2024-11-05,5929.0400390625,4371.88
2024-11-06,5973.10009765625,4490.097
2024-11-07,5995.5400390625,4217.09
2024-11-08,6001.35009765625,4140.139
2024-11-11,5983.990234375,3996.9219
2024-11-12,5985.3798828125,4060.0312
2024-11-13,5949.169921875,4078.7249
2024-11-14,5870.6201171875,4336.806
2024-11-15,5893.6201171875,4313.081
2024-11-18,5916.97998046875,4434.3936
2024-11-19,5917.10986328125,4334.77
2024-11-20,5948.7099609375,4238.361
2024-11-21,5969.33984375,4274.6543
2024-11-22,5987.3701171875,4238.2544
2024-11-25,6021.6298828125,4234.955
2024-11-26,5998.740234375,4258.217
2024-11-27,6032.3798828125,4238.9697
2024-11-29,6047.14990234375,4430.001
2024-12-02,6049.8798828125,4736.785
2024-12-03,6086.490234375,4600.31
2024-12-04,6075.10986328125,4583.1953
2024-12-05,6090.27001953125,4710.64
2024-12-06,6052.85009765625,4643.8726
2024-12-09,6034.91015625,4400.065
2024-12-10,6084.18994140625,4425.1255
2024-12-11,6051.25,4694.5283
2024-12-12,6051.08984375,4511.7026
2024-12-13,6074.080078125,4477.2446
2024-12-16,6050.60986328125,4478.2007
2024-12-17,5872.16015625,4405.533
2024-12-18,5867.080078125,4306.1367
2024-12-19,5930.85009765625,4350.4297
2024-12-20,5974.06982421875,4530.2373
2024-12-23,6040.0400390625,4369.47
2024-12-24,6037.58984375,4672.7324
2024-12-26,5970.83984375,4573.151
2024-12-27,5906.93994140625,4567.469
2024-12-30,5881.6298828125,4389.3613
2024-12-31,5868.5498046875,4197.556
2025-01-02,5942.47021484375,4210.363
2025-01-03,5975.3798828125,4638.265
2025-01-06,5909.02978515625,4732.347
2025-01-07,5918.25,4064.7249
2025-01-08,5827.0400390625,4112.243
2025-01-10,5836.22021484375,4072.7764
2025-01-13,5842.91015625,3978.7144
2025-01-14,5949.91015625,3743.0574
2025-01-15,5937.33984375,4522.358
2025-01-16,5996.66015625,4297.862
2025-01-17,6049.240234375,4572.9956
2025-01-21,6086.3701171875,4739.5923
2025-01-22,6118.7099609375,4957.5327
2025-01-23,6101.240234375,4779.174
2025-01-24,6012.27978515625,4791.4697
2025-01-27,6067.7001953125,4708.256
2025-01-28,6039.31005859375,4824.898
2025-01-29,6071.169921875,4653.836
2025-01-30,6040.52978515625,4525.1973
2025-01-31,5994.56982421875,4325.2476
2025-02-03,6037.8798828125,4159.936
2025-02-04,6061.47998046875,4294.72
2025-02-05,6083.56982421875,4387.169
2025-02-06,6025.990234375,4460.037
2025-02-07,6066.43994140625,3909.171
2025-02-10,6068.5,4320.526
2025-02-11,6051.97021484375,4338.0757
2025-02-12,6115.06982421875,4315.1934
2025-02-13,6114.6298828125,4400.659
2025-02-14,6129.580078125,4240.261
2025-02-18,6144.14990234375,4149.807
2025-02-19,6117.52001953125,3978.5034
2025-02-20,6013.1298828125,4016.335
2025-02-21,5983.25,4091.8289
2025-02-24,5955.25,4106.5024
2025-02-25,5956.06005859375,4028.1772
2025-02-26,5861.56982421875,3749.7815
2025-02-27,5954.5,3557.8123
2025-02-28,5849.72021484375,3697.518
2025-03-03,5778.14990234375,3586.5518
2025-03-04,5842.6298828125,3939.522
2025-03-05,5738.52001953125,3718.8027
2025-03-06,5770.2001953125,3826.5276
2025-03-07,5614.56005859375,3721.5168
2025-03-10,5572.06982421875,3882.496
2025-03-11,5599.2998046875,4063.6968
2025-03-12,5521.52001953125,3972.4521
2025-03-13,5638.93994140625,3785.9153
2025-03-14,5675.1201171875,3619.8833
2025-03-17,5614.66015625,3456.767
2025-03-18,5675.2900390625,3611.01
2025-03-19,5662.89013671875,3505.193
2025-03-20,5667.56005859375,3330.3247
2025-03-21,5767.56982421875,3377.822
2025-03-24,5776.64990234375,3471.9175
2025-03-25,5712.2001953125,3202.0784
2025-03-26,5693.31005859375,3153.2307
2025-03-27,5580.93994140625,3078.965
2025-03-28,5611.85009765625,3068.1558
2025-03-31,5633.06982421875,2946.5276
2025-04-01,5670.97021484375,2791.9695
2025-04-02,5396.52001953125,3199.8796
2025-04-03,5074.080078125,3853.3167
2025-04-04,5062.25,3339.3743
2025-04-07,4982.77001953125,3680.7642
2025-04-08,5456.89990234375,3423.699
2025-04-09,5268.0498046875,3137.4124
2025-04-10,5363.35986328125,3372.1462
2025-04-11,5405.97021484375,3607.3318
2025-04-14,5396.6298828125,3383.2217
2025-04-15,5275.7001953125,3335.83
2025-04-16,5282.7001953125,3441.5125
2025-04-17,5158.2001953125,3230.4958
2025-04-21,5287.759765625,2847.6206
2025-04-22,5375.85986328125,2834.781
2025-04-23,5484.77001953125,2920.8313
2025-04-24,5525.2099609375,2858.143
2025-04-25,5528.75,2745.6016
2025-04-28,5560.830078125,2817.9883
2025-04-29,5569.06005859375,2855.0166
2025-04-30,5604.14013671875,2837.5547
2025-05-01,5686.669921875,2797.8718
2025-05-02,5650.3798828125,3079.133
2025-05-05,5606.91015625,2856.2087
2025-05-06,5631.27978515625,3104.7283
2025-05-07,5663.93994140625,3012.5767
2025-05-08,5659.91015625,3035.4497
2025-05-09,5844.18994140625,3029.2603
2025-05-12,5886.5498046875,3455.5579
2025-05-13,5892.580078125,3278.1553
2025-05-14,5916.93017578125,3332.2322
2025-05-15,5958.3798828125,3397.8503
2025-05-16,5963.60009765625,3452.9912
2025-05-19,5940.4599609375,3497.587
2025-05-20,5844.60986328125,3188.602
2025-05-21,5842.009765625,3661.4658
2025-05-22,5802.81982421875,3424.2979
2025-05-23,5921.5400390625,3692.5437
2025-05-27,5888.5498046875,3583.6516
2025-05-28,5912.169921875,3398.8281
2025-05-29,5911.68994140625,3407.0588
2025-05-30,5935.93994140625,3450.0972
2025-06-02,5970.3701171875,3426.5864
2025-06-03,5970.81005859375,3464.7048
2025-06-04,5939.2998046875,3407.8945
2025-06-05,6000.35986328125,3516.4297
2025-06-06,6005.8798828125,3433.4404
2025-06-09,6038.81005859375,3423.309
2025-06-10,6022.240234375,2739.4658
2025-06-11,6045.259765625,2772.9092
2025-06-12,5976.97021484375,2765.5947
2025-06-13,6033.10986328125,3006.6187
2025-06-16,5982.72021484375,3000.5952
2025-06-17,5980.8701171875,2930.1353
2025-06-18,5967.83984375,2965.9385
2025-06-20,6025.169921875,2799.71
2025-06-23,6092.18017578125,2753.7183
2025-06-24,6092.16015625,2837.838
2025-06-25,6141.02001953125,3008.6938
2025-06-26,6173.06982421875,3175.2004
2025-06-27,6204.9501953125,3084.6506
2025-06-30,6198.009765625,3158.671
2025-07-01,6227.419921875,3096.848
2025-07-02,6279.35009765625,3064.2607
2025-07-03,6229.97998046875,3202.8784
2025-07-07,6225.52001953125,3118.4768
2025-07-08,6263.259765625,3085.5664
2025-07-09,6280.4599609375,3648.1384
2025-07-10,6259.75,3753.4045
2025-07-11,6268.56005859375,3837.225
2025-07-14,6243.759765625,3812.859
2025-07-15,6263.7001953125,3687.0947
2025-07-16,6297.35986328125,3741.311
2025-07-17,6296.7900390625,3707.462
2025-07-18,6305.60009765625,3655.0046
2025-07-21,6309.6201171875,3735.9153
2025-07-22,6358.91015625,3527.6448
2025-07-23,6363.35009765625,3473.7544
2025-07-24,6388.64013671875,3521.2285
2025-07-25,6389.77001953125,3953.9177
2025-07-28,6370.85986328125,3935.7603
2025-07-29,6362.89990234375,3406.7966
2025-07-30,6339.39013671875,3475.437
2025-07-31,6238.009765625,3540.3325
2025-08-01,6329.93994140625,3535.969
2025-08-04,6299.18994140625,3709.015
2025-08-05,6345.06005859375,3547.9763
2025-08-06,6340.0,3851.065
2025-08-07,6389.4501953125,3877.828
2025-08-08,6373.4501953125,4160.399
2025-08-11,6445.759765625,4250.4224
2025-08-12,6466.580078125,4630.8364
2025-08-13,6468.5400390625,4628.317
2025-08-14,6449.7998046875,4638.5415
2025-08-15,6449.14990234375,4559.922
2025-08-18,6411.3701171875,4350.289
2025-08-19,6395.77978515625,3993.067
2025-08-20,6370.169921875,3915.5322
2025-08-21,6466.91015625,3684.596
2025-08-22,6439.31982421875,4030.7017
2025-08-25,6465.93994140625,3771.064
2025-08-26,6481.39990234375,3940.6023
2025-08-27,6501.85986328125,3951.0522
2025-08-28,6460.259765625,3992.6584
2025-08-29,6415.5400390625,3853.8706
2025-09-02,6448.259765625,3682.085
2025-09-03,6502.080078125,3563.726
2025-09-04,6481.5,4148.548
2025-09-05,6495.14990234375,4150.537
2025-09-08,6512.60986328125,4166.4443
2025-09-09,6532.0400390625,4144.071
2025-09-10,6587.47021484375,4180.309
2025-09-11,6584.2900390625,4323.5312
2025-09-12,6615.27978515625,4222.135
2025-09-15,6606.759765625,4143.708
2025-09-16,6600.35009765625,4112.249
2025-09-17,6631.9599609375,3797.206
2025-09-18,6664.35986328125,3561.545
2025-09-19,6693.75,4164.331
2025-09-22,6656.919921875,3257.2783
2025-09-23,6637.97021484375,4037.9583
2025-09-24,6604.72021484375,3836.4187
2025-09-25,6643.7001953125,3842.8801
2025-09-26,6661.2099609375,3959.901
2025-09-29,6688.4599609375,3643.2986
2025-09-30,6711.2001953125,3638.2498
2025-10-01,6715.35009765625,3558.309
2025-10-02,6715.7900390625,3580.7842
2025-10-03,6740.27978515625,3591.8896
2025-10-06,6714.58984375,3753.6243
2025-10-07,6753.72021484375,3656.6733
2025-10-08,6735.10986328125,3744.1921
2025-10-09,6552.509765625,3593.8728
2025-10-10,6654.72021484375,4580.591
2025-10-13,6644.31005859375,4545.602
2025-10-14,6671.06005859375,4457.2964
2025-10-15,6629.06982421875,4443.5186
2025-10-16,6664.009765625,4513.855
2025-10-17,6735.1298828125,4479.744
2025-10-20,6735.35009765625,4535.249
2025-10-21,6699.39990234375,4402.002
2025-10-22,6738.43994140625,4486.2495
2025-10-23,6791.68994140625,4349.5483
2025-10-24,6875.16015625,4374.71
2025-10-27,6890.89013671875,4642.2134
2025-10-28,6890.58984375,4582.019
2025-10-29,6822.33984375,4396.4985
2025-10-30,6840.2001953125,4511.3433
2025-10-31,6851.97021484375,4514.042
2025-11-03,6771.5498046875,4359.508
2025-11-04,6796.2900390625,4674.5283
2025-11-05,6720.31982421875,4430.9897
2025-11-06,6728.7998046875,4608.2046
2025-11-07,6832.43017578125,4649.4653
2025-11-10,6846.60986328125,4824.971
2025-11-11,6850.919921875,4724.5293
2025-11-12,6737.490234375,4785.333
2025-11-13,6734.10986328125,4390.114
2025-11-14,6672.41015625,4496.3027
2025-11-17,6617.31982421875,4954.4614
2025-11-18,6642.16015625,4951.084
2025-11-19,6538.759765625,4760.9336
2025-11-20,6602.990234375,4490.3115
2025-11-21,6705.1201171875,4685.7866
2025-11-24,6765.8798828125,4659.02
2025-11-25,6812.60986328125,4687.7817
2025-11-26,6849.08984375,4823.232
2025-11-28,6812.6298828125,4607.1484
2025-12-01,6829.3701171875,4723.178
2025-12-02,6849.72021484375,4616.6265
2025-12-03,6857.1201171875,4474.8877
2025-12-04,6870.39990234375,4454.775
2025-12-05,6846.509765625,4438.7646
2025-12-08,6840.509765625,4510.781
2025-12-09,6886.68017578125,4629.786
2025-12-10,6901.0,4515.863
2025-12-11,6827.41015625,4535.115
2025-12-12,6816.509765625,4413.7173
2025-12-15,6800.259765625,4529.728
2025-12-16,6721.43017578125,4701.8228
2025-12-17,6774.759765625,4830.341
2025-12-18,6834.5,5190.8735
2025-12-19,6878.490234375,4864.162
2025-12-22,6909.7900390625,4461.0127
2025-12-23,6932.0498046875,4351.759
2025-12-24,6929.93994140625,4283.1836
2025-12-26,6905.740234375,4314.7603
2025-12-29,6896.240234375,4312.369
2025-12-30,6845.5,4370.9688
2025-12-31,6858.47021484375,4429.0854
2026-01-02,6902.0498046875,4439.447
2026-01-05,6944.81982421875,4401.4565
2026-01-06,6920.93017578125,4356.45
2026-01-07,6921.4599609375,4249.762
2026-01-08,6966.27978515625,4485.8325
2026-01-09,6977.27001953125,4399.2856
2026-01-12,6963.740234375,4407.9565
2026-01-13,6926.60009765625,4444.7627
2026-01-14,6944.47021484375,4465.171
2026-01-15,6940.009765625,4490.749
2026-01-16,6796.85986328125,4580.364
2026-01-20,6875.6201171875,4476.3604
2026-01-21,6913.35009765625,4297.4854
2026-01-22,6915.60986328125,4352.8057
2026-01-23,6950.22998046875,4133.574
2026-01-26,6978.60009765625,4357.2524
2026-01-27,6978.02978515625,4347.0537
2026-01-28,6969.009765625,4336.9136
2026-01-29,6939.02978515625,4222.0312
2026-01-30,6976.43994140625,4022.9082
2026-02-02,6917.81005859375,4103.592
2026-02-03,6882.72021484375,4149.2896
2026-02-04,6798.39990234375,3921.218
2026-02-05,6932.2998046875,4026.0188
2026-02-06,6964.81982421875,4314.418
2026-02-09,6941.81005859375,4284.662
2026-02-10,6941.47021484375,4471.908
2026-02-11,6832.759765625,4325.1987
2026-02-12,6836.169921875,4016.0942
2026-02-13,6843.22021484375,3842.268
2026-02-17,6881.31005859375,3957.6328
2026-02-18,6861.89013671875,3825.9817
2026-02-19,6909.509765625,3893.0955
2026-02-20,6837.75,3956.353
2026-02-23,6890.06982421875,3709.9358
2026-02-24,6946.1298828125,3778.6257
2026-02-25,6908.85986328125,3816.3657
2026-02-26,6878.8798828125,3922.8333
2026-02-27,6881.6201171875,3635.8171
2026-03-02,6816.6298828125,3677.2175
2026-03-03,6869.5,3934.1956
2026-03-04,6830.7099609375,3699.5044
2026-03-05,6740.02001953125,3608.9019
2026-03-06,6795.990234375,3346.4785
2026-03-09,6781.47998046875,3065.3525
2026-03-10,6775.7998046875,3182.0051
2026-03-11,6672.6201171875,3185.279
2026-03-12,6632.18994140625,3349.386
2026-03-13,6699.3798828125,3155.4343
2026-03-16,6716.08984375,3288.493
2026-03-17,6624.7001953125,3355.2832
2026-03-18,6606.490234375,3450.6245
2026-03-19,6506.47998046875,3397.9714
2026-03-20,6581.0,3500.7375
2026-03-23,6556.3701171875,3382.5984
2026-03-24,6591.89990234375,3479.0361
2026-03-25,6477.16015625,3685.0366
2026-03-26,6368.85009765625,3825.9343
2026-03-27,6343.72021484375,4214.76
2026-03-30,6528.52001953125,4119.201
2026-03-31,6575.31982421875,3762.9731
2026-04-01,6582.68994140625,3502.9668
2026-04-02,6611.830078125,3355.4375
2026-04-06,6616.85009765625,3666.7942
2026-04-07,6782.81005859375,3757.6428
2026-04-08,6824.66015625,3679.2786
2026-04-09,6816.89013671875,3418.0122
2026-04-10,6886.240234375,3579.4062
2026-04-13,6967.3798828125,4064.347
2026-04-14,7022.9501953125,4337.5483
2026-04-15,7041.27978515625,3748.6184
2026-04-16,7126.06005859375,3587.9446
2026-04-17,7109.14013671875,4003.9688
2026-04-20,7064.009765625,4057.7224
2026-04-21,7137.89990234375,3920.5012
2026-04-22,7108.39990234375,3945.8718
2026-04-23,7165.080078125,4140.966
2026-04-24,7173.91015625,4435.385
2026-04-27,7138.7998046875,4262.849
2026-04-28,7135.9501953125,4227.337
2026-04-29,7209.009765625,4003.8457
2026-04-30,7230.1201171875,4048.1738
2026-05-01,7200.75,4103.526
2026-05-04,7259.22021484375,4100.6978
2026-05-05,7365.1201171875,4293.818
2026-05-06,7337.10986328125,4211.21
2026-05-07,7398.93017578125,4169.133
2026-05-08,7412.83984375,4063.4993
2026-05-11,7400.9599609375,4557.8047
2026-05-12,7444.25,4501.264
2026-05-13,7501.240234375,4528.4253
2026-05-14,7408.5,4464.7646
2026-05-15,7403.0498046875,4212.8325
2026-05-18,7353.60986328125,4197.375
2026-05-19,7432.97021484375,3977.449
2026-05-20,7445.72021484375,4171.324
2026-05-21,7473.47021484375,4160.5767
2026-05-22,7519.1201171875,4520.9053
2026-05-26,7520.35986328125,4400.9663
2026-05-27,7563.6298828125,4423.995
2026-05-28,7580.06005859375,4364.239
2026-05-29,7599.9599609375,4392.806
2026-06-01,7609.77978515625,4369.518
2026-06-02,7553.68017578125,4329.0645
2026-06-03,7584.31005859375,4400.302
2026-06-04,7383.740234375,4377.9434
2026-06-05,7405.72998046875,4001.8103
2026-06-08,7386.64990234375,4087.425
