date,actual_return,predicted_return,actual_price,predicted_price,predicted_price_cumulative
2024-09-18,0.011992733330801864,-0.001212929,8328.7001953125,8243.689042771857,8243.689042771857
2024-09-19,-0.00359579580495617,0.004868461,8230.0,8318.59786075505,8283.823119881643
2024-09-22,-0.0027888648669169847,-0.00037536552,8259.7001953125,8270.06781578064,8280.713658323022
2024-09-23,0.00170517844908602,0.001962221,8282.7998046875,8256.599586020107,8296.962248514943
2024-09-24,-0.0019553880612531715,0.0011097599,8268.7001953125,8299.052189443726,8306.16988455476
2024-09-25,-0.004314418674305376,0.0014959273,8284.900390625,8277.876131310244,8318.59531117093
2024-09-26,0.010173583184108326,0.0033668843,8320.7998046875,8297.294248461956,8346.603059203675
2024-09-29,-0.00479662116249957,0.0018508031,8237.0,8348.81450615928,8362.050978436315
2024-09-30,-0.0017127446529880963,0.00014460855,8276.7001953125,8252.24539732933,8363.260202517016
2024-10-01,0.0010142337005734081,0.0016006799,8290.900390625,8277.897013346781,8376.647105368525
2024-10-02,0.00022949915641956586,0.000303614,8282.5,8304.17099756538,8379.190372799107
2024-10-03,-0.002769883072641477,-0.000906979,8280.599609375,8285.014782845974,8371.590622885537
2024-10-06,0.013796243299814437,-0.000397385,8303.599609375,8273.08907340432,8368.263878256046
2024-10-07,-0.006441294127416675,0.00843819,8190.60009765625,8300.299890363473,8438.876882557328
2024-10-08,0.0007283586265272035,0.0024115292,8243.7001953125,8259.71426152141,8459.227480481788
2024-10-09,-0.0019385244946366065,0.006562202,8237.7001953125,8263.57975235593,8514.738638042985
2024-10-10,-0.004702931383199549,0.007649568,8253.7001953125,8291.75790314097,8579.872709486668
2024-10-13,0.005261099930001123,-0.00018526021,8292.7001953125,8316.837212542654,8578.28320042818
2024-10-14,-0.009580844080394946,-0.0015727083,8249.2998046875,8291.163962351857,8564.79206366783
2024-10-15,-0.006678513387889717,0.0011905988,8329.099609375,8236.325898608775,8574.989295003234
2024-10-16,0.0032063703520743836,0.00083472556,8385.099609375,8339.015762066701,8582.147057781764
2024-10-17,0.004820707416683279,0.00076248066,8358.2998046875,8392.098680909257,8588.690778937531
2024-10-20,0.0014085589974719426,0.0015100313,8318.2001953125,8364.672695821617,8601.65997074089
2024-10-21,0.005800062103824999,0.0011111565,8306.5,8330.760877832654,8611.217761472162
2024-10-22,-0.0013061141968945256,0.002957415,8258.599609375,8315.729765713215,8636.684706638265
2024-10-23,0.002497404037590245,-0.0009454382,8269.400390625,8283.024114335654,8628.519254792936
2024-10-24,-0.004441417208461473,-0.001398304,8248.7998046875,8261.582095325226,8616.453961704165
2024-10-28,0.008029588196087234,-0.0005445625,8285.599609375,8237.265301977517,8611.761763749148
2024-10-29,0.007353241703105473,0.0017364806,8219.599609375,8281.08770239167,8626.715921210016
2024-10-30,0.006103500499865078,0.0007127457,8159.60009765625,8233.873122633668,8632.864575944492
2024-10-31,-0.008205754543555654,-0.0021312463,8110.10009765625,8165.415871737467,8614.465815576632
2024-11-01,-0.0008553065458991593,-5.8370384e-05,8177.2001953125,8092.815660292399,8613.96298589844
2024-11-04,0.001443920159287071,-5.4337917e-05,8184.2001953125,8176.723031580972,8613.494921089308
2024-11-05,0.0006979204446027065,-0.001261135,8172.39990234375,8183.755306805484,8602.632141334127
2024-11-06,0.0031938284639165815,-0.008179755,8166.7001953125,8162.093565634859,8532.264718492106
2024-11-07,0.008460964991206632,-0.007462297,8140.7001953125,8099.89835318306,8468.594424221974
2024-11-08,-0.006498337480867367,-0.0025314814,8072.39990234375,8079.951663353888,8447.156334604766
2024-11-11,0.01238510715990504,-0.001986033,8125.2001953125,8051.964873298857,8430.380002942824
2024-11-12,-0.0005603775835832936,0.004139654,8025.7998046875,8109.063330262434,8465.278858170326
2024-11-13,-0.0050674484135275755,-0.003914648,8030.2998046875,8059.02390146465,8432.140269514546
2024-11-14,0.0009425191681391443,-0.00060315995,8071.2001953125,7998.86395738885,8427.054340229857
2024-11-15,-0.005635468922339459,-0.0050347056,8063.60009765625,8066.332136465528,8384.62660234948
2024-11-18,0.001271737830287778,-0.002162516,8109.2998046875,8023.002410110901,8366.494714138267
2024-11-19,0.0017191997842771478,-0.0036914654,8099.0,8091.7633131615,8335.61008870767
2024-11-20,-0.007877941488214968,-0.0025730534,8085.10009765625,8069.102586328983,8314.162119223498
2024-11-21,-0.013652680313791632,-0.0022563504,8149.2998046875,8064.296545617835,8295.402456541435
2024-11-22,-0.0035699054765914173,0.00018598985,8262.099609375,8130.912263863895,8296.94531717947
2024-11-25,0.004008014373275248,0.0012778926,8291.7001953125,8263.636083053425,8307.547922348167
2024-11-26,-0.0019577748942425366,-0.0006163436,8258.599609375,8302.296354543418,8302.427618557822
2024-11-27,-0.0007728820067196551,-0.00021735008,8274.7998046875,8253.509242858854,8300.623085222478
2024-11-28,-0.0007360189107131765,-0.001212843,8281.2001953125,8273.001044101256,8290.555732656932
2024-11-29,-0.0030796213998151023,-0.0025557603,8287.2998046875,8271.156463290798,8269.367059266928
2024-12-02,-0.00556259992668251,-5.5533783e-05,8312.900390625,8266.119226913142,8268.907830032185
2024-12-03,0.00283123233408622,-0.00049699406,8359.400390625,8312.438596298452,8264.79823192718
2024-12-04,-0.0016289296597599145,-0.0014525895,8335.7998046875,8355.245906325756,8252.792872597685
2024-12-05,0.004910668845320432,-0.0010795087,8349.400390625,8323.691512033925,8243.883911012026
2024-12-06,-0.005208271217356231,-0.0010576515,8308.599609375,8340.387215228402,8235.164755025546
2024-12-09,0.008658907222792944,-0.00053443137,8352.099609375,8299.812228234485,8230.76362465505
2024-12-10,-0.002553630595007239,-0.0012488815,8280.400390625,8347.636120015522,8220.484376614857
2024-12-11,-0.0012271945369458637,-0.00021970224,8301.599609375,8270.059030688717,8218.678317779904
2024-12-12,0.0013854921232490103,1.2399933e-06,8311.7998046875,8299.775725355139,8218.688508885567
2024-12-13,0.004623545723069444,-0.0010200836,8300.2998046875,8311.809713124996,8210.304759909126
2024-12-16,0.008163243419088806,-5.638574e-05,8262.099609375,8291.832885571872,8209.841815805368
2024-12-17,-0.000475590521920366,-0.00045795602,8195.2001953125,8261.63374267635,8206.08206933004
2024-12-18,0.011572650851638278,0.0015771125,8199.099609375,8191.4472649633535,8219.023983728177
2024-12-19,0.002560387252456886,0.0037832672,8105.2998046875,8212.030728320125,8250.11874778079
2024-12-20,-0.0022338352919341053,-0.003009618,8084.60009765625,8135.963985753246,8225.28904167146
2024-12-23,-0.004215288765822778,-0.0018864234,8102.7001953125,8060.268545107188,8209.772663586487
2024-12-24,-0.0015705667616691121,-0.0007244711,8137.0,8087.41503962985,8203.824920423016
2024-12-27,0.0035463372352542155,-0.0010814964,8149.7998046875,8131.1047886013985,8194.952513627662
2024-12-30,-0.006362412822708885,-0.0028024847,8121.0,8140.986067792401,8171.986284846748
2024-12-31,-0.010544619737532512,-0.004052224,8173.0,8098.2409690618515,8138.871565050954
2025-01-02,0.004389543941512697,0.0002455914,8260.099609375,8139.881191432476,8140.870401853952
2025-01-03,-0.0031152883988563307,-9.120144e-05,8224.0,8262.128051423468,8140.127942778214
2025-01-06,0.0005336847330279504,0.0014424471,8249.7001953125,8223.250011444092,8151.869646494125
2025-01-07,-0.0006908490258756839,-0.0032041385,8245.2998046875,8261.59983019391,8125.749927244447
2025-01-08,-0.008257532567244041,-0.000831794,8251.0,8218.88048806187,8118.990977260563
2025-01-09,0.008631896140207207,-0.00049965293,8319.7001953125,8244.136959969997,8114.934299618223
2025-01-10,0.0029546708628700458,0.002151998,8248.5,8315.543126181525,8132.397621942453
2025-01-13,0.0027678101947814504,0.0004924466,8224.2001953125,8266.250492334366,8136.402393421651
2025-01-14,-0.011998363356887753,0.0006175216,8201.5,8228.250232101302,8141.42679750082
2025-01-15,-0.010820049931888898,-0.0008549832,8301.099609375,8206.564460039139,8134.466014142442
2025-01-16,-0.013321239016800934,0.0009399081,8391.900390625,8294.002426338382,8142.1116645422
2025-01-17,-0.0017956463455782723,3.716394e-05,8505.2001953125,8399.78848535777,8142.41425749036
2025-01-20,-0.0032520858325834068,0.000628387,8520.5,8505.516531760804,8147.530844541821
2025-01-21,0.00037450649597925434,0.00061212335,8548.2998046875,8525.853874623775,8152.51813837987
2025-01-22,-0.00234677362807012,-0.00023078393,8545.099609375,8553.532558381208,8150.636668193664
2025-01-23,0.00738612648220438,-0.001287416,8565.2001953125,8543.12749280408,8140.143408357639
2025-01-24,-0.0001528516595888929,-0.0015613472,8502.400390625,8554.173350392666,8127.433818545869
2025-01-27,-0.0035388502244151354,-0.0021190087,8503.7001953125,8489.125221596216,8110.211715701421
2025-01-28,-0.002792705439242593,-0.0014507712,8533.900390625,8485.68081440666,8098.445653850199
2025-01-29,-0.010304338191995721,-0.00097389764,8557.7998046875,8521.519603758585,8090.55859676561
2025-01-30,-0.0031242344218354035,-0.00017783827,8646.900390625,8549.465532123519,8089.1197858047135
2025-01-31,0.010531757623720495,-6.5644934e-05,8674.0,8645.362450673245,8088.588776072004
2025-02-03,0.0014934200983787171,0.0023610087,8583.599609375,8673.430771231651,8107.68600425664
2025-02-04,-0.006088156644103004,-0.0010812792,8570.7998046875,8603.865996106062,8098.919331646046
2025-02-05,-0.011916629693887737,-0.0009460375,8623.2998046875,8561.532302900741,8091.257450481318
2025-02-06,0.003080260293948589,0.00025633047,8727.2998046875,8615.14177569747,8093.3314863335845
2025-02-07,-0.007675791667998588,-0.0011250055,8700.5,8729.536611387739,8084.226443578395
2025-02-10,-0.0010937846640508564,-0.00074825855,8767.7998046875,8690.712128341198,8078.177352024115
2025-02-11,-0.003406226431119652,-0.000591996,8777.400390625,8761.239064291236,8073.395103267993
2025-02-12,0.004871837525639133,-0.00021152117,8807.400390625,8772.204228122253,8071.6874093040915
2025-02-13,0.0036873971156599072,-0.00094595214,8764.7001953125,8805.537300587515,8064.051979335022
2025-02-14,-0.00404881386861311,-0.0010754,8732.5,8756.409440034651,8055.379897517482
2025-02-17,0.00014826612733886968,-0.00021538563,8768.0,8723.10918301344,8053.644884418756
2025-02-18,0.006220969332854986,-0.0010283082,8766.7001953125,8766.111274719238,8045.363255511498
2025-02-19,0.005713955904421031,0.0024177744,8712.5,8757.685403360752,8064.81512887226
2025-02-20,0.000415688062986197,-1.4431267e-05,8663.0,8733.565106987953,8064.698743370876
2025-02-21,4.623982272788929e-05,0.00024012082,8659.400390625,8662.87504208088,8066.635245434004
2025-02-24,-0.001118990747626225,-0.00024000846,8659.0,8661.479404495563,8064.699184705942
2025-02-25,-0.007192327170302937,0.00019416133,8668.7001953125,8656.921598374844,8066.265037425698
2025-02-26,-0.0028208806059188962,0.00022705994,8731.5,8670.383586957236,8068.096563050072
2025-02-27,-0.006072851381306532,0.0020026884,8756.2001953125,8733.482868611813,8084.254446104938
2025-02-28,-0.0069436960458095776,-0.0018178705,8809.7001953125,8773.73637810722,8069.558318142745
2025-03-03,0.0128210760003995,0.0016801492,8871.2998046875,8793.685199364612,8083.116380346338
2025-03-04,0.0003654943447641834,0.00074939313,8759.0,8886.204792433651,8089.173812258618
2025-03-05,0.008407426365006243,-0.0007731563,8755.7998046875,8765.563553094864,8082.9196166075635
2025-03-06,0.00033403771149620454,0.0013452895,8682.7998046875,8749.030417009199,8093.793483673747
2025-03-07,0.009267248843339848,0.0013781004,8679.900390625,8694.480574106681,8104.9475434310725
2025-03-10,0.012264618092337587,-0.0026739012,8600.2001953125,8691.861808838323,8083.275714858881
2025-03-11,-0.005268703898840932,-0.00011739603,8496.0,8577.203913869744,8082.326770351447
2025-03-12,-0.00018725088944171464,-0.0050535738,8541.0,8495.002389907837,8041.482135916095
2025-03-13,-0.010391227985824925,0.0010413193,8542.599609375,8497.837374866009,8049.85588676778
2025-03-14,-0.005529762920640002,0.00085627666,8632.2998046875,8551.49495978211,8056.748790478056
2025-03-17,-0.002860404133888661,-0.00010517308,8680.2998046875,8639.691473185667,8055.901437395826
2025-03-18,-0.00017228111297640236,0.0010155224,8705.2001953125,8679.3866180685,8064.08238576453
2025-03-19,0.0005401281673753644,0.0003172218,8706.7001953125,8714.040708597167,8066.640488481939
2025-03-20,0.006383887283081924,-0.002469419,8702.0,8709.46209922072,8046.7205729026255
2025-03-21,0.0010187317304353183,-0.00036073258,8646.7998046875,8680.511103391647,8043.817858646126
2025-03-24,-0.0029778856009047283,-0.0010750443,8638.0,8643.680667852284,8035.170398313434
2025-03-25,-0.0029690441271500445,-0.00032996223,8663.7998046875,8628.713896274567,8032.519095545616
2025-03-26,0.00271171588826169,6.7100016e-05,8689.599609375,8660.94099928625,8033.058077706793
2025-03-27,0.0008314241329989702,0.0007643637,8666.099609375,8690.1828103757,8039.198255526039
2025-03-28,0.00886663882057892,0.0015281824,8658.900390625,8672.723715626635,8051.483616940664
2025-03-30,-0.006022143092625165,0.002355066,8582.7998046875,8672.132436288288,8070.445391413041
2025-03-31,0.0030550972512632946,0.0012350157,8634.7998046875,8603.013145559002,8080.412518099361
2025-04-01,0.015788146082324817,0.0026645933,8608.5,8645.463853594847,8101.943531004609
2025-04-02,0.052104307301365616,-0.00041054687,8474.7001953125,8631.437916755676,8098.617303456706
2025-04-03,0.04581865956937348,-0.017590253,8055.0,8471.220849576872,7956.160578709497
2025-04-06,-0.02634471934059157,-0.012358718,7702.10009765625,7913.310739696026,7857.832636774884
2025-04-07,0.03008008333875911,0.020173121,7910.5,7606.911960080353,8016.349647269367
2025-04-08,-0.029545172109997297,0.023896735,7679.5,8070.079092502594,8207.914231752491
2025-04-09,-0.006391149064153168,0.021536851,7913.2998046875,7863.014662981033,8384.686860059584
2025-04-10,-0.020911401529235207,0.0068398565,7964.2001953125,8083.727174271829,8442.036915025054
2025-04-13,-0.013916646679479006,0.0033361362,8134.2998046875,8018.674300504499,8470.200700226662
2025-04-14,-0.003202184886999526,0.009894037,8249.099609375,8161.437383929966,8554.00517670867
2025-04-15,-1.2154371850869872e-05,-0.010135953,8275.599609375,8330.716311488068,8467.302179584683
2025-04-16,-0.0063515376586184,-0.0017605978,8275.7001953125,8191.718556620297,8452.394665940978
2025-04-21,-0.008877639970914175,0.00513483,8328.599609375,8261.129981018952,8495.796273831931
2025-04-22,-0.000499583119317526,0.0026368096,8403.2001953125,8371.365477034356,8518.19807101081
2025-04-23,-0.000938696688869034,-0.006820787,8407.400390625,8425.3576718712,8460.097254555663
2025-04-24,-0.000237605888634973,-0.004436448,8415.2998046875,8350.055211526109,8422.564471179796
2025-04-27,-0.005458757643114542,0.0012976498,8417.2998046875,8377.96588827594,8433.494010374143
2025-04-28,-0.003696381261827808,0.0013295285,8463.5,8428.22203497577,8444.70658115964
2025-04-29,-0.0002235446410603359,0.0031551847,8494.900390625,8474.752572000027,8471.351189965184
2025-04-30,-0.01158631303936486,0.0012445386,8496.7998046875,8521.703767721541,8481.894113346396
2025-05-01,-0.00011631422925129087,0.0043167933,8596.400390625,8507.374454255216,8518.5086969332
2025-05-05,0.004451367145316576,0.00053424475,8597.400390625,8633.509390228428,8523.059665523402
2025-05-06,0.0032467762882426587,-0.004173306,8559.2998046875,8601.99394757161,8487.490331043075
2025-05-07,-0.0027119506992773212,-0.0005534329,8531.599609375,8523.579460196197,8482.793074568553
2025-05-08,-0.005833840245496824,-0.00036671566,8554.7998046875,8526.877973653493,8479.682301540417
2025-05-11,0.00024405831518037324,0.005382969,8605.0,8551.662864184473,8525.328168873826
2025-05-12,0.002085077533488633,-0.0018419359,8602.900390625,8651.320841312408,8509.625060764678
2025-05-13,-0.005652181633978293,-0.0015615886,8585.0,8587.054172112257,8496.336527213747
2025-05-14,-0.005849412404995813,-0.0004091045,8633.7998046875,8571.593817770481,8492.860637604372
2025-05-15,-0.0016898136220778737,0.0006215266,8684.599609375,8630.267490276136,8498.139176557754
2025-05-18,-0.009315439788448288,0.0027661123,8699.2998046875,8689.997585101519,8521.645984127143
2025-05-19,-0.0006146236413816508,0.0035976765,8781.099609375,8723.363219340798,8552.304109805935
2025-05-20,0.005400912700944671,0.0031300855,8786.5,8812.690643919865,8579.073553178001
2025-05-21,0.002443198518869094,0.0017124207,8739.2998046875,8814.002433121204,8593.764536510054
2025-05-22,-0.006846539917457095,9.523146e-05,8718.0,8754.265343868057,8594.582933241256
2025-05-26,0.005970617622621965,0.0011088253,8778.099609375,8718.830374002457,8604.112824439735
2025-05-27,0.0010898869959272695,-2.81607e-05,8726.0,8787.833510704804,8603.870526592647
2025-05-28,-0.006372302692059129,0.0009974253,8716.5,8725.754508018494,8612.452244646247
2025-05-29,-0.0002164747164765668,-0.0002666679,8772.400390625,8725.194047391415,8610.155580161283
2025-06-01,-0.0014453391729258858,0.0003043814,8774.2998046875,8770.061044255039,8612.776351303812
2025-06-02,-0.0016247378233705811,0.0028346577,8787.0,8776.970186638995,8637.190623872082
2025-06-03,-0.0011009187734082326,0.0030684331,8801.2998046875,8811.908312916756,8663.693265846494
2025-06-04,-0.003043753542813721,0.0033824441,8811.0,8828.306127664167,8692.997724441275
2025-06-05,0.0006341027887808437,0.0022646054,8837.900390625,8840.80271744728,8712.68393376439
2025-06-08,-0.0023494375535404455,0.0014865724,8832.2998046875,8857.914866652573,8725.635969552515
2025-06-09,-0.0012748500464793144,0.0037590836,8853.099609375,8845.42937023216,8758.436364371422
2025-06-10,-0.002307285292880823,0.0028734033,8864.400390625,8886.378645656398,8783.602883912296
2025-06-11,0.0038755319146588363,0.0034700702,8884.900390625,8889.87154233642,8814.082602479672
2025-06-12,-0.0027718344821666685,0.0039071837,8850.599609375,8915.73155659088,8848.520841921596
2025-06-15,0.004663821067749652,0.0015856961,8875.2001953125,8885.180704688653,8862.55190713618
2025-06-16,-0.0010742353140724692,0.0016863905,8834.0,8889.273795246845,8877.497630383654
2025-06-17,0.005880501883691158,0.004023812,8843.5,8848.89707994461,8913.219009924971
2025-06-18,0.0019487400132638388,0.0027046192,8791.7998046875,8879.084390044212,8937.325873167838
2025-06-19,0.0019068503439712003,0.0041108862,8774.7001953125,8815.578285451978,8974.066203208853
2025-06-22,-0.00011416828405064194,0.004708163,8758.0,8810.772394208354,9016.317569438106
2025-06-23,0.004610748751323168,0.0051630274,8759.0,8799.234160661697,9062.869064450255
2025-06-24,-0.0019231427078537644,0.0040072408,8718.7998046875,8804.22336113453,9099.186162743812
2025-06-25,-0.007194169548440987,0.004900898,8735.599609375,8753.737955979654,9143.780344673547
2025-06-26,0.004326034770574028,0.0035010048,8798.900390625,8778.412191765383,9175.792763296753
2025-06-29,-0.0027659619168072247,0.003918845,8761.0,8829.705847927602,9211.751274783028
2025-06-30,0.0012079739636758902,0.0043101604,8785.2998046875,8795.33336186409,9251.455400431225
2025-07-01,-0.005496871761536903,0.0026941698,8774.7001953125,8823.165598361287,9276.380391787514
2025-07-02,3.3980287006185605e-05,0.0055176285,8823.2001953125,8798.340377856977,9327.564012702684
2025-07-03,0.0018623051865098716,0.0035447364,8822.900390625,8871.883102064137,9360.627768575254
2025-07-06,-0.005387295776049128,0.0060994723,8806.5,8854.174821748165,9417.722658248358
2025-07-07,-0.0014435327266831832,0.0040757842,8854.2001953125,8860.214916586876,9456.107263799682
2025-07-08,-0.012110497559763456,0.0030162788,8867.0,8890.287839970319,9484.629520106779
2025-07-09,0.003869835640933905,0.001214107,8975.7001953125,8893.744941949844,9496.144875511261
2025-07-10,-0.006334670927693686,0.00035065337,8941.099609375,8986.598011313588,9499.474730699756
2025-07-13,0.0066902885329644946,0.0010503627,8998.099609375,8944.234309905907,9509.452624747153
2025-07-14,0.0013107113374069002,0.0006521323,8938.2998046875,9007.550790745998,9515.6540461779
2025-07-15,-0.005126719345855735,-0.0001403186,8926.599609375,8944.128244868712,9514.318822891977
2025-07-16,-0.0021685702835930742,-0.0006601496,8972.599609375,8925.347124130698,9508.037948999325
2025-07-17,-0.0023189160795518138,-0.00064409967,8992.099609375,8966.676603992353,9501.913824933907
2025-07-20,-0.0011968134179893841,-0.00013196058,9013.0,8986.307907797163,9500.65994687548
2025-07-21,-0.004160480639242903,0.0005946428,9023.7998046875,9011.81060230732,9506.309446176232
2025-07-22,-0.008415082217659409,0.0016880464,9061.5,9029.165499857161,9522.356537432352
2025-07-23,0.001984648128364963,0.0013731469,9138.400390625,9076.795844078064,9535.432131730113
2025-07-24,0.00428341581576519,0.0012022569,9120.2998046875,9150.948984396411,9546.89617065646
2025-07-27,-0.006008933073138989,0.000950843,9081.400390625,9131.264463368687,9555.973769855047
2025-07-28,-6.573191255498934e-05,-0.00041992788,9136.2998046875,9090.035106839612,9551.96095007363
2025-07-29,0.00044899549154631124,-0.00028408988,9136.900390625,9132.463337890862,9549.247334619602
2025-07-30,0.007079394622972579,0.001931451,9132.7998046875,9134.304818912642,9567.691238202713
2025-07-31,-0.006540122102677071,0.0022834367,9068.599609375,9150.439158253139,9589.538455623935
2025-08-03,-0.0015750697624737908,0.001390566,9128.2998046875,9089.307338895509,9602.873341771805
2025-08-04,-0.002356929589312662,0.0006845705,9142.7001953125,9140.993402626715,9609.447185779594
2025-08-05,0.0069774087292078235,0.0004276428,9164.2998046875,9148.959461119375,9613.556596758053
2025-08-06,0.0005606615505673318,0.0025959935,9100.7998046875,9168.218493390013,9638.513326785216
2025-08-07,-0.003724109146262755,0.0011744313,9095.7001953125,9124.425669353805,9649.833098465784
2025-08-10,-0.0019785751504668436,0.0027148065,9129.7001953125,9106.38263968518,9676.030527787787
2025-08-11,-0.0018985281558715483,0.0025962475,9147.7998046875,9154.485077684862,9701.15189761933
2025-08-12,-0.0013075883433522062,0.0022070236,9165.2001953125,9171.549863332068,9722.562568390083
2025-08-13,0.004190854812991418,0.0056579807,9177.2001953125,9185.428165962221,9777.572639602873
2025-08-14,-0.0020528958457411983,0.001500878,9138.900390625,9229.125074013486,9792.247583441143
2025-08-17,-0.0034279370707440693,0.0024693427,9157.7001953125,9152.616463174578,9816.427998210731
2025-08-18,-0.010647970868300716,0.0020062204,9189.2001953125,9180.313315611565,9836.12191630086
2025-08-19,-0.002266637895286139,0.0023486079,9288.099609375,9207.635321865906,9859.223109660303
2025-08-20,-0.001308837170514665,0.0039039063,9309.2001953125,9309.914210618008,9897.712593134856
2025-08-21,0.0060006245666317515,0.0045658182,9321.400390625,9345.542063712608,9942.903749780133
2025-08-25,0.0011128307155205963,0.0025615487,9265.7998046875,9363.960366768995,9968.372982200899
2025-08-26,0.004198875546023828,0.0020997834,9255.5,9289.534792209044,9989.304406240397
2025-08-27,0.0032109543203269197,0.001758208,9216.7998046875,9274.934258580208,10006.86768148851
2025-08-28,-0.0009786544796432928,0.0034277148,9187.2998046875,9233.00494626991,10041.16837002117
2025-08-31,0.008731186467657137,0.0026900182,9196.2998046875,9218.791515658377,10068.179295230733
2025-09-01,-0.006678993755447782,0.0030498658,9116.7001953125,9221.038557695458,10098.885891240514
2025-09-02,-0.004220550182420069,0.000943481,9178.0,9144.504767632112,10108.413998107431
2025-09-03,0.0009448312512718715,0.0017954691,9216.900390625,9186.65873003006,10126.563342936934
2025-09-04,-0.0014314740444325569,0.0035107818,9208.2001953125,9233.448515985394,10162.115497183931
2025-09-07,-0.002282889843116087,0.0034128493,9221.400390625,9240.528646463412,10196.797265638193
2025-09-08,0.0018535357438118627,0.0071911137,9242.5,9252.871580098057,10270.12359376351
2025-09-09,-0.0077653611451712345,0.0015010412,9225.400390625,9308.963390290737,10285.539472732167
2025-09-10,0.0015403794974153673,-0.0012481911,9297.599609375,9239.248485770077,10272.701153792626
2025-09-11,0.0006790777931982017,-0.0014502623,9283.2998046875,9285.994523440604,10257.803042946784
2025-09-14,0.00884106734242418,0.002364544,9277.0,9269.836786297092,10282.058069227027
2025-09-15,-0.0013791966871281591,0.0010006836,9195.7001953125,9298.93561732769,10292.347156504617
2025-09-16,-0.0021346994054970425,-0.004087222,9208.400390625,9204.9018062877,10250.280050743515
2025-09-17,0.0012368216195528525,0.003380936,9228.099609375,9170.76372721279,10284.935592651429
2025-09-18,-0.0010838110904568543,0.0033014806,9216.7001953125,9259.298842075048,10318.891107491008
2025-09-21,0.0003686739775359271,0.004671775,9226.7001953125,9247.129142750404,10367.098642978315
2025-09-22,-0.002929666262334485,0.0034207797,9223.2998046875,9269.805604535853,10402.562203712992
2025-09-23,0.003950552488061643,0.0035395331,9250.400390625,9254.851143264212,10439.382417181616
2025-09-24,-0.0076253453145813666,0.00122234,9214.0,9283.142758416943,10452.14289231178
2025-09-25,-0.001612937946517845,-0.00027985906,9284.7998046875,9225.262936115265,10449.217765451749
2025-09-28,-0.005411595634795874,0.0012824081,9299.7998046875,9282.201510960876,10462.617927318674
2025-09-29,-0.010162601205775057,0.0030507646,9350.400390625,9311.726365840295,10494.5369112645
2025-09-30,0.001983537334141916,0.003755443,9446.400390625,9378.926630830392,10533.948546771147
2025-10-01,-0.006700832413237046,0.003794838,9427.7001953125,9481.875877321465,10573.923174752343
2025-10-02,0.0012870626763361592,0.0042495592,9491.2998046875,9463.476331271813,10618.857687785534
2025-10-05,-0.0004745033727016068,0.0047408575,9479.099609375,9531.633773736656,10669.200179100086
2025-10-06,-0.006838565549820985,0.0021261533,9483.599609375,9524.038449330954,10691.884534543033
2025-10-07,0.004153784505586788,0.002390571,9548.900390625,9503.762668494368,10717.444242990041
2025-10-08,0.008687392269954852,-0.00053781876,9509.400390625,9571.728212408256,10711.680200380413
2025-10-09,-0.0016308962276346817,0.00094063015,9427.5,9504.286114232265,10721.755929779236
2025-10-12,-0.001047246769956045,0.0011066517,9442.900390625,9436.36826545,10733.621179556492
2025-10-13,0.0029708853853929185,0.0038370218,9452.7998046875,9453.35009149625,10774.806317652923
2025-10-14,-0.0011975079911484832,0.0018390869,9424.7998046875,9489.070097364602,10794.622122575967
2025-10-15,0.008712291642960501,0.0015551406,9436.099609375,9442.132404635777,10811.409277656003
2025-10-16,-0.005210770559727851,-0.00027310193,9354.599609375,9450.773548055207,10808.45666087302
2025-10-19,-0.0024822733239631134,0.0017764139,9403.599609375,9352.04478887259,10827.656953259562
2025-10-20,-0.009248554913294793,-0.0021984912,9427.0,9420.304698154796,10803.852444238455
2025-10-21,-0.006639760713325171,0.0004751692,9515.0,9406.274577200413,10808.986102037878
2025-10-22,-0.006946172629317848,-0.0008106653,9578.599609375,9519.521225690842,10800.223631954721
2025-10-23,-0.0008494267002013833,0.0019727068,9645.599609375,9570.834403676563,10821.52930607572
2025-10-27,-0.004424225742870602,0.0036128082,9653.7998046875,9664.627245704643,10860.625415723662
2025-10-28,-0.00608843866307196,0.0032816848,9696.7001953125,9688.67663489352,10896.26656534259
2025-10-29,-0.00040983188287935235,0.002604233,9756.099609375,9728.521977862925,10924.642983409487
2025-10-30,0.004404495646707751,0.0023985275,9760.099609375,9781.50689411955,10950.846039597778
2025-10-31,0.001638878246677189,-0.0010455393,9717.2998046875,9783.509119527414,10939.396499950564
2025-11-03,-0.0013998568579516313,-0.00076388114,9701.400390625,9707.140124090074,10931.040101317772
2025-11-04,-0.006351536944090741,-0.0010622834,9715.0,9693.989557540044,10919.428238776909
2025-11-05,0.004242055662197819,-0.0009286185,9777.099609375,9704.680008292198,10909.288255928588
2025-11-06,0.0054944123953024615,-0.0011293048,9735.7998046875,9768.020200019237,10896.968344801955
2025-11-07,-0.010687488132468892,0.0010685573,9682.599609375,9724.804881638323,10908.61237947531
2025-11-10,-0.011353935360785439,0.0030623404,9787.2001953125,9692.946358549409,10942.01826421016
2025-11-11,-0.0011906270340125147,0.009685386,9899.599609375,9817.172198512242,11047.99593441457
2025-11-12,0.010573344744169821,0.005884359,9911.400390625,9995.481163199292,11113.006310104734
2025-11-13,0.011269879597171073,0.0056581954,9807.7001953125,9969.723123798613,11175.885870778036
2025-11-14,0.002377162605310401,0.003970589,9698.400390625,9863.19363141898,11220.260720539782
2025-11-17,0.012887010296420254,-0.0005322457,9675.400390625,9736.909082437865,11214.288785344783
2025-11-18,0.0047225752800705845,-0.005889123,9552.2998046875,9670.250470311148,11148.246461124461
2025-11-19,-0.0021306090946782152,-0.005627094,9507.400390625,9496.045186662523,11085.514232173444
2025-11-20,-0.0012579011661075779,-0.0057140985,9527.7001953125,9453.901338775293,11022.170512401592
2025-11-21,0.0005033932700775345,0.0006157945,9539.7001953125,9473.257787548064,11028.957904410558
2025-11-24,-0.007763110398563922,-0.00048122162,9534.900390625,9545.5750783931,11023.650531408119
2025-11-25,-0.008471213492516005,-0.0032063005,9609.5,9530.311739817029,10988.305394654975
2025-11-26,-0.00023734319079915522,-0.0002848692,9691.599609375,9578.6889385283,10985.17516494576
2025-11-27,-0.0027364445630368994,0.0015675278,9693.900390625,9688.838951436686,11002.394732055376
2025-11-28,0.0018551919608349454,-0.0027832296,9720.5,9709.095414189855,10971.772541646123
2025-12-01,7.217169253093125e-05,-0.004609882,9702.5,9693.445526391268,10921.19396599272
2025-12-02,0.0010008352888899452,-0.002859795,9701.7998046875,9657.772611826658,10889.96159009033
2025-12-03,-0.0019360492326901957,-0.0014049915,9692.099609375,9674.054876516515,10874.661286731622
2025-12-04,0.00454126312454739,0.00034562635,9710.900390625,9678.482202768791,10878.41985623259
2025-12-05,0.00227062358212593,0.0016171649,9667.0,9714.256358651211,10896.012055351874
2025-12-08,0.0003214695472930629,9.161169e-06,9645.099609375,9682.633406877518,10896.11187556133
2025-12-09,-0.001398166847910498,0.00058188615,9642.0,9645.18814285635,10902.452172190538
2025-12-10,-0.00491592406137753,0.0025878074,9655.5,9647.610299348831,10930.665618215697
2025-12-11,0.00561718264198352,0.00133308,9703.2001953125,9680.486457109451,10945.237069930516
2025-12-12,-0.010490889085199129,0.0017257627,9649.0,9716.135701153777,10964.125952172479
2025-12-15,0.006866430007960833,0.0024650018,9751.2998046875,9665.652175545692,10991.152542084958
2025-12-16,-0.009156666133473657,0.0031312802,9684.7998046875,9775.336853189627,11025.56892027797
2025-12-17,-0.006454695283567791,0.0002968227,9774.2998046875,9715.125531729427,11028.841559313267
2025-12-18,-0.006021842462183735,0.0011602165,9837.7998046875,9777.201121153077,11041.637403461991
2025-12-19,0.003182687069227752,0.002854396,9897.400390625,9849.214249789598,11073.154607892022
2025-12-22,-0.0023460133129367122,0.0019964299,9866.0,9925.651008004323,11095.261384505295
2025-12-23,0.0018742338065120823,0.003076704,9889.2001953125,9885.696462392807,11129.398219434412
2025-12-24,0.0004257026617848769,-0.00011255886,9870.7001953125,9919.626026134589,11128.145507052062
2025-12-29,-0.007464282581169601,0.0009996351,9866.5,9869.589410187677,11139.269591737055
2025-12-30,0.0009364041647419441,-0.00015114275,9940.7001953125,9876.363432526588,11137.585971848113
2025-12-31,-0.0019796022071210118,0.0010010735,9931.400390625,9939.197585124057,11148.735514165295
2026-01-02,-0.005347540340331691,0.0013982295,9951.099609375,9941.34291034704,11164.324005114306
2026-01-05,-0.011666905436178876,0.0017646926,10004.599609375,9965.013294138713,11184.025605058454
2026-01-06,0.007414263107014429,0.011186156,10122.7001953125,10022.254277231405,11309.131864903171
2026-01-07,0.0003484424554187626,0.0023206268,10048.2001953125,10235.93396371929,11335.376138834798
2026-01-08,-0.007891612226177958,0.0009970027,10044.7001953125,10071.518523359555,11346.67753947574
2026-01-09,-0.0015877193514647336,0.0017114612,10124.599609375,10054.714231936145,11366.09693814422
2026-01-12,0.0003255079764385993,0.0014183406,10140.7001953125,10141.927737783408,11382.217934917384
2026-01-13,-0.004614901044470376,0.0027419075,10137.400390625,10155.083279004553,11413.426923530697
2026-01-14,-0.005322837211103382,0.007040227,10184.400390625,10165.196461961837,11493.780038003177
2026-01-15,0.0003517811892379541,0.008191847,10238.900390625,10256.101239951793,11587.935328312416
2026-01-16,0.00391347201029868,0.0060782535,10235.2998046875,10322.775660162326,11658.3697367814
2026-01-19,0.00677416234749173,0.007833629,10195.400390625,10297.512446694542,11749.69707905613
2026-01-20,-0.0011145880513001583,0.0022746692,10126.7998046875,10275.267079576151,11776.423753594809
2026-01-21,-0.001182254407524841,0.0009708129,10138.099609375,10149.834552177577,11787.856457948308
2026-01-22,0.0006604509821175331,0.0027093675,10150.099609375,10147.942086603492,11819.794093664383
2026-01-23,-0.0005419306317244743,0.0014432378,10143.400390625,10177.600174894556,11836.852866872056
2026-01-26,-0.005770040085959827,0.0019514308,10148.900390625,10158.040024343645,11859.951666224119
2026-01-27,0.0052587461601179,0.0011233322,10207.7998046875,10168.705523895565,11873.274331651288
2026-01-28,-0.001710554119879748,0.001557617,10154.400390625,10219.266319460818,11891.768345389444
2026-01-29,-0.005056995677850007,0.0010671524,10171.7998046875,10170.216768682469,11904.458674082427
2026-01-30,-0.011419859000143306,-0.0001033882,10223.5,10182.654758435674,11903.227893528949
2026-02-02,0.002617648868838307,0.0051344507,10341.599609375,10222.44274637103,11964.344430764164
2026-02-03,-0.008430846731890984,0.00073316623,10314.599609375,10394.698173138546,11973.116284119538
2026-02-04,0.009030730571837342,0.0054455507,10402.2998046875,10322.161625337321,12038.31649542115
2026-02-05,-0.0058438552832627,0.0021841777,10309.2001953125,10458.946563884965,12064.61031844417
2026-02-06,-0.001579055893068726,0.0033765007,10369.7998046875,10331.71706175548,12105.346483400912
2026-02-09,0.003129323652784066,0.0035993475,10386.2001953125,10404.813266952988,12148.917832567855
2026-02-10,-0.011296665339355028,0.0011024023,10353.7998046875,10423.584339224966,12162.310828022488
2026-02-11,0.006700301481648019,0.0072018933,10472.099609375,10365.21432549879,12249.902492341429
2026-02-12,-0.004211977174404247,0.006028573,10402.400390625,10547.518728470895,12323.751924111493
2026-02-13,-0.0026065100373713346,0.003716594,10446.400390625,10465.111604470527,12369.554307481125
2026-02-16,-0.007815312183699796,0.004794183,10473.7001953125,10485.225357172312,12428.856216775044
2026-02-17,-0.012165222214068572,0.006056216,10556.2001953125,10523.9136277145,12504.128055647876
2026-02-18,0.005570734479392048,0.003084613,10686.2001953125,10620.13054448634,12542.698451730626
2026-02-19,-0.005605029375734372,0.009303325,10627.0,10719.16348508047,12659.38724999622
2026-02-20,0.00020592017298382004,0.0065771323,10686.900390625,10725.866502523422,12742.649714393307
2026-02-23,0.0003839284391768949,0.0063362923,10684.7001953125,10757.189567953581,12823.39086704786
2026-02-24,-0.01164132150416497,0.00683404,10680.599609375,10752.401996312314,12911.026432274522
2026-02-25,-0.0037153976750381457,0.006563384,10806.400390625,10753.59114914015,12995.766457692665
2026-02-26,-0.005856636330747067,0.006137522,10846.7001953125,10877.327389801387,13075.528259421244
2026-02-27,0.012105639532913992,0.00615227,10910.599609375,10913.271712250193,13155.972438307546
2026-03-02,0.028233230418310162,0.0060027926,10780.099609375,10977.724588303594,13234.945012607217
2026-03-03,-0.007910953603186277,-0.00546404,10484.099609375,10844.810216406593,13162.628740899616
2026-03-04,0.014768703263760452,0.0038913065,10567.7001953125,10426.814306778251,13213.848563197427
2026-03-05,0.012552561876669754,-0.007855948,10413.900390625,10608.82280319638,13110.041255202319
2026-03-06,0.0034440513866529354,-0.0014033144,10284.7998046875,10332.089291251614,13091.643745383906
2026-03-09,-0.015625918851017384,-0.005132041,10249.5,10270.366818511393,13024.456893707755
2026-03-10,0.005640479024769274,0.0044742436,10412.2001953125,10196.89936593175,13082.73148680096
2026-03-11,0.0047160276805788826,-0.00010552797,10353.7998046875,10458.787317982991,13081.350892682145
2026-03-12,0.004287997423547019,-0.00023747825,10305.2001953125,10352.707476517302,13078.244356379017
2026-03-13,-0.005476026530182421,-0.0027676264,10261.2001953125,10302.753071929328,13042.048661653687
2026-03-16,-0.008256701265694,-0.0022257073,10317.7001953125,10232.801067074004,13013.020878934736
2026-03-17,0.009538762243752164,-0.0005750465,10403.599609375,10294.73612052243,13005.537786554765
2026-03-18,0.024027406437869603,-0.0007048483,10305.2998046875,10397.616856990382,12996.37085504386
2026-03-19,0.014639625557989033,-0.0045537036,10063.5,10298.03637253103,12937.189234408323
2026-03-20,0.002435730923093349,0.0013410547,9918.2998046875,10017.674085080624,12954.538712599016
2026-03-23,-0.007124794144466651,-0.009501868,9894.2001953125,9931.60128126177,12831.446396688778
2026-03-24,-0.014010330877369026,-0.0030335614,9965.2001953125,9800.186747304455,12792.521416203796
2026-03-25,0.013497483678503563,-0.0012430536,10106.7998046875,9934.969979289745,12776.61962658056
2026-03-26,0.0004815503039301561,0.0014549281,9972.2001953125,10094.236498002603,12795.2086891784
2026-03-27,-0.01585699144697872,-0.005733275,9967.400390625,9986.709241793607,12721.850240939844
2026-03-29,-0.004765882179531222,-0.0039806785,10128.0,9910.254776670132,12671.208645126697
2026-03-30,-0.018167239911603628,-0.005526022,10176.5,10087.683508872986,12601.18726669966
2026-03-31,-0.006851087199304606,0.003170067,10364.7998046875,10120.264597684145,12641.133874347279
2026-04-01,0.008455086739659112,-0.0024813497,10436.2998046875,10397.656359244138,12609.766800045527
2026-04-06,-0.024517205022242305,0.0043537687,10348.7998046875,10410.403782315901,12664.666807522904
2026-04-07,0.0005093026477107632,-0.004119239,10608.900390625,10393.856012638425,12612.498020415094
2026-04-08,0.00028300551860760415,-0.0002717967,10603.5,10565.200023585814,12609.069984891325
2026-04-09,0.0016535953888312527,0.0017293313,10600.5,10600.617998600006,12630.87524463987
2026-04-12,-0.002460115404321117,0.003914417,10583.0,10618.832177817822,12680.317754487669
2026-04-13,0.004687677736952445,0.0034080239,10609.099609375,10624.42689359188,12723.532579880362
2026-04-14,-0.0028706695585457576,0.0036259203,10559.599609375,10645.256209937623,12769.667094634253
2026-04-15,-0.0072743271416751965,0.002880981,10590.0,10597.887342181057,12806.456262388732
2026-04-16,0.0055141342954594386,0.005158129,10667.599609375,10620.509058237076,12872.513617720719
2026-04-19,0.010573342236234406,0.0048813694,10609.099609375,10722.625071894843,12935.349111997064
2026-04-20,0.002061719980432475,0.0016469186,10498.099609375,10660.886677122675,12956.652578968276
2026-04-21,0.001864779573491404,0.0032178562,10476.5,10515.388681185665,12998.345223371687
2026-04-22,0.00750550563698571,0.0023564443,10457.0,10510.211453020573,13028.975099267325
2026-04-23,0.005619556267756343,-0.005508207,10379.099609375,10481.640979647636,12957.208810227525
2026-04-26,-0.0011323354302472666,-0.007309818,10321.099609375,10321.929614478257,12862.49396977327
2026-04-27,0.011720261222422979,-0.0012614472,10332.7998046875,10245.654492980568,12846.268612679132
2026-04-28,-0.015965255947769874,-0.00056561426,10213.099609375,10319.765259798383,12839.002579960574
2026-04-29,0.0014376261350386166,0.002529517,10378.7998046875,10207.323197949328,12871.479055878352
2026-04-30,0.014169622254896153,0.00020294973,10363.900390625,10405.05299866863,12874.091319030746
2026-05-04,-0.02103715805882722,0.005407452,10219.099609375,10366.003166015726,12943.707351396679
2026-05-05,0.015734182671256258,-0.0020215928,10438.7001953125,10274.358905956848,12917.540445694753
2026-05-06,0.0042900384341788556,-0.0081493445,10277.0,10417.59720691893,12812.270958844962
2026-05-07,-0.003534849150797492,0.0021084412,10233.099609375,10193.24937826395,12839.284878801529
2026-05-10,0.00039946090377473986,0.00021260118,10269.400390625,10254.6756363858,12842.01452594644
2026-05-11,-0.005820654276232129,-0.001615113,10265.2998046875,10271.583153354703,12821.273221382286
2026-05-12,-0.004579239962906656,-0.00039811753,10325.400390625,10248.720246505283,12816.168847819561
2026-05-13,0.017409811601240888,0.0008816413,10372.900390625,10321.289854692877,12827.468111433469
2026-05-14,-0.012437224325504648,-0.002758741,10195.400390625,10382.045885478146,12792.080450342679
2026-05-17,-0.0006582197495418329,0.0003298016,10323.7998046875,10167.27391769411,12796.299299058186
2026-05-18,-0.009748588251538126,0.0036431367,10330.599609375,10327.205131776282,12842.917966714313
2026-05-19,-0.0010724561030784896,0.0023546547,10432.2998046875,10368.235586006893,12873.158604076047
2026-05-20,-0.0021784016426978914,0.001447706,10443.5,10456.863926141523,12891.795153253242
2026-05-21,-0.002392491469482949,0.0019104342,10466.2998046875,10458.618821144104,12916.424079883076
2026-05-25,-0.0012945844240838111,0.0007861211,10491.400390625,10486.295126994839,12926.577953643857
2026-05-26,0.007577210819106117,0.0010184934,10505.0,10499.647324344609,12939.743588443165
2026-05-27,0.0016043533787910569,-0.0009356366,10426.0,10515.69959640503,12927.636691042275
2026-05-28,0.006799478159154715,0.002971397,10409.2998046875,10416.245287299156,12966.049832108443
2026-05-31,-0.0033257820407769367,-0.00025364372,10339.0,10440.230110041099,12962.761074941694
2026-06-01,0.003987514502222345,0.00016686102,10373.5,10336.377845942974,12964.924054480065
2026-06-02,-0.002702624492327055,-0.0024009245,10332.2998046875,10375.231264591217,12933.79625130389
2026-06-03,-0.0007522887492754649,-7.099986e-05,10360.2998046875,10307.492627594911,12932.877953623602
2026-06-04,-0.000491708040090133,0.0007739011,10368.099609375,10359.564335997857,12942.886722354513
2026-06-07,0.0028374915573887716,-0.00032564596,10373.2001953125,10376.123551209457,12938.671923577442
2026-06-08,0.009205288977511161,0.000105931395,10343.849609375,10369.822472055734,12940.042535137292
2026-06-09,-0.005279592053752391,-0.0021109208,10249.5,10344.945820129244,12912.727129595763
2026-06-10,-0.01602412230657757,-0.00068938144,10303.900390625,10227.864345878363,12903.825335140575
2026-06-11,-0.0012284595774486595,0.00048636945,10471.7001953125,10296.797012333991,12910.101361552124
